"," FRA-1-SEINE" ," FRA-2-HOSPWW" ," GER-10-GROSSEWATER" ," GER-11-KLINGDRINK" ," GER-12-WANNDRINK" ," GER-13-KLINGSED" ," GER-14-ELBEFISH" ," GER-15-LAKESED" ," GER-16-WANNWATER" ," GER-1-KREISCHAIN" ," GER-2-GROSSESOIL" ," GER-3-ELBEWATER" ," GER-4-KLINGSOIL" ," GER-5-KREISCHAOUT" ," GER-6-LWBWATER" ," GER-7-LWBSED" ," GER-8-LAKEWATER" ," GER-9-ELBESED" ," PAK-10-CDAOUT" ," PAK-11-QUAIN" ," PAK-12-QUAOUT" ," PAK-1-SHAHZAD" ," PAK-2-NARC" ," PAK-3-QAU" ," PAK-4-BANI" ," PAK-5-LAKE" ," PAK-6-SHAHDARA" ," PAK-7-JINNAH" ," PAK-8-BARI" ," PAK-9-CDAIN" ," SWE-10-NGOTA" ," SWE-11-NRYAOUTMP" ," SWE-12-NRYAOUT" ," SWE-13-NRYAIN" ," SWE-14-NFINN" ," SWE-15-NSOIL1" ," SWE-16-NSOIL2" ," SWE-17-NSOIL3" ," SWE-1-JRYAIN" ," SWE-2-JFINN" ," SWE-3-JRYAOUT" ," SWE-4-JSOIL1" ," SWE-5-JGOTA" ," SWE-6-JGOTAMP" ," SWE-7-JFOTO" ," SWE-8-JFOTO2" ," SWE-9-NFOTO" "
SWE1FDC1,0,1.61565462047776e-08,0,0,0,0,0,0,0,9.46306619204721e-08,0,0,0,2.11895037284733e-08,0,0,0,0,1.205882836713e-08,4.4990267873967e-08,1.14596419886371e-08,0,0,0,0,0,0,0,9.07035833879199e-08,2.50323112720454e-07,0,8.65893190256606e-08,8.77500731199422e-09,6.16763527836805e-08,0,0,0,0,2.6115579480715e-07,0,1.05896006923142e-08,0,0,0,0,0,0,9.33574206681548e-09
GER1FDC1,0,2.18113373764498e-07,0,0,0,0,0,0,0,6.90803832019447e-07,0,1.00079691638821e-07,0,2.11895037284733e-08,0,0,0,0,1.39882409058708e-06,6.80477801593751e-06,5.38603173465942e-06,0,0,0,0,0,2.19102356462599e-07,0,5.62362217005103e-06,1.83171216829793e-05,0,1.62354973173114e-07,1.40400116991907e-07,6.16763527836805e-07,2.2301959408895e-08,0,0,0,8.37874841672939e-07,0,1.05896006923142e-08,0,0,0,0,0,0,0
GER5FDCa,0,0,0,0,0,0,0,0,0,0,0,0,0,2.43679292877443e-06,6.91889837415402e-07,0,0,0,0,0,0,0,0,0,0,0,0,0,0,0,0,0,0,0,0,0,0,0,0,0,0,0,0,0,0,0,0,0
